repo	relpath	n_constructs	constructs
accessibility-everywhere	tools/cli/src/Cli.affine	0	<no-RS-construct:non-RS-drift>
accessibility-everywhere	tools/cli/src/Index.affine	0	<no-RS-construct:non-RS-drift>
accessibility-everywhere	tools/github-action/src/Action.affine	0	<no-RS-construct:non-RS-drift>
accessibility-everywhere	tools/github-action/src/Index.affine	0	<no-RS-construct:non-RS-drift>
accessibility-everywhere	tools/monitoring-api/src/Externs.affine	0	<no-RS-construct:non-RS-drift>
accessibility-everywhere	tools/monitoring-api/src/Server.affine	0	<no-RS-construct:non-RS-drift>
accessibility-everywhere	tools/stale/packages/core/src/Arangodb.affine	0	<no-RS-construct:non-RS-drift>
accessibility-everywhere	tools/stale/packages/core/src/Index.affine	0	<no-RS-construct:non-RS-drift>
accessibility-everywhere	tools/stale/packages/scanner/src/Index.affine	0	<no-RS-construct:non-RS-drift>
accessibility-everywhere	tools/stale/packages/scanner/src/Scanner.affine	0	<no-RS-construct:non-RS-drift>
accessibility-everywhere	tools/stale/packages/stale/components/react/src/Button.affine	0	<no-RS-construct:non-RS-drift>
accessibility-everywhere	tools/stale/packages/stale/components/react/src/Externs.affine	0	<no-RS-construct:non-RS-drift>
accessibility-everywhere	tools/stale/packages/stale/components/react/src/Index.affine	0	<no-RS-construct:non-RS-drift>
aerie	src/ui/tea/aerie_gui.affine	0	<no-RS-construct:non-RS-drift>
affinescript	affinescript-deno-test/example/codegen_regression_test.affine	0	<no-RS-construct:non-RS-drift>
affinescript	conformance/invalid/001_unclosed_brace.affine	0	<no-RS-construct:non-RS-drift>
affinescript	conformance/invalid/002_unclosed_string.affine	0	<no-RS-construct:non-RS-drift>
affinescript	conformance/invalid/003_bad_number.affine	0	<no-RS-construct:non-RS-drift>
affinescript	conformance/invalid/004_unexpected_token.affine	0	<no-RS-construct:non-RS-drift>
affinescript	conformance/invalid/005_missing_arrow.affine	0	<no-RS-construct:non-RS-drift>
affinescript	conformance/invalid/006_bad_operator.affine	0	<no-RS-construct:non-RS-drift>
affinescript	conformance/invalid/007_incomplete_effect.affine	0	<no-RS-construct:non-RS-drift>
affinescript	conformance/invalid/008_mismatched_parens.affine	0	<no-RS-construct:non-RS-drift>
affinescript	conformance/invalid/009_reserved_keyword.affine	0	<no-RS-construct:non-RS-drift>
affinescript	conformance/invalid/012_trailing_comma.affine	0	<no-RS-construct:non-RS-drift>
affinescript	conformance/valid/006_type_alias.affine	0	<no-RS-construct:non-RS-drift>
affinescript	conformance/valid/007_struct_def.affine	0	<no-RS-construct:non-RS-drift>
affinescript	conformance/valid/012_ownership.affine	0	<no-RS-construct:non-RS-drift>
affinescript	docs/guides/warmup/01_basics.affine	0	<no-RS-construct:non-RS-drift>
affinescript	docs/guides/warmup/02_ownership.affine	1	mutable-field
affinescript	docs/guides/warmup/03_effects.affine	0	<no-RS-construct:non-RS-drift>
affinescript	docs/guides/warmup/04_rows.affine	0	<no-RS-construct:non-RS-drift>
affinescript	examples/lessons/01_hello.affine	0	<no-RS-construct:non-RS-drift>
affinescript	road-skate/physics_example.affine	0	<no-RS-construct:non-RS-drift>
affinescript	road-skate/road_render.affine	0	<no-RS-construct:non-RS-drift>
affinescript	road-skate/road_render_final.affine	0	<no-RS-construct:non-RS-drift>
affinescript	road-skate/road_render_simple.affine	0	<no-RS-construct:non-RS-drift>
affinescript	road-skate/road_render_step2.affine	0	<no-RS-construct:non-RS-drift>
affinescript	road-skate/road_render_step2_fixed.affine	0	<no-RS-construct:non-RS-drift>
affinescript	road-skate/road_render_working.affine	0	<no-RS-construct:non-RS-drift>
affinescript	road-skate/simple_test.affine	0	<no-RS-construct:non-RS-drift>
affinescript	road-skate/test_config.affine	0	<no-RS-construct:non-RS-drift>
affinescript	road-skate/test_exact.affine	0	<no-RS-construct:non-RS-drift>
affinescript	road-skate/test_projection.affine	0	<no-RS-construct:non-RS-drift>
affinescript	test/e2e/fixtures/bug_001_omega_let_smuggles_linear.affine	0	<no-RS-construct:non-RS-drift>
affinescript	test/e2e/fixtures/bug_001_sugar_form.affine	0	<no-RS-construct:non-RS-drift>
affinescript	test/e2e/fixtures/cmd_dropped.affine	0	<no-RS-construct:non-RS-drift>
affinescript	test/e2e/fixtures/cross_caller_drop.affine	0	<no-RS-construct:non-RS-drift>
affinescript	test/e2e/fixtures/cross_caller_dup.affine	0	<no-RS-construct:non-RS-drift>
affinescript	test/e2e/fixtures/cross_caller_ok.affine	0	<no-RS-construct:non-RS-drift>
affinescript	test/e2e/fixtures/cross_const_caller.affine	0	<no-RS-construct:non-RS-drift>
affinescript	test/e2e/fixtures/linear_arrow_violation.affine	0	<no-RS-construct:non-RS-drift>
affinescript	test/e2e/fixtures/pattern_match.affine	0	<no-RS-construct:non-RS-drift>
affinescript	test/e2e/fixtures/trait_impl_missing_method.affine	0	<no-RS-construct:non-RS-drift>
affinescript	test/golden/binary_ops.affine	0	<no-RS-construct:non-RS-drift>
affinescript	test/golden/imports.affine	0	<no-RS-construct:non-RS-drift>
affinescript	test/golden/patterns.affine	0	<no-RS-construct:non-RS-drift>
affinescript	tests/borrow/simple_move_test.affine	0	<no-RS-construct:non-RS-drift>
affinescript	tests/borrow/test_immutable_assign_error.affine	0	<no-RS-construct:non-RS-drift>
affinescript	tests/borrow/test_move.affine	0	<no-RS-construct:non-RS-drift>
affinescript	tests/borrow/test_move_after_use.affine	0	<no-RS-construct:non-RS-drift>
affinescript	tests/borrow/use_after_move.affine	0	<no-RS-construct:non-RS-drift>
affinescript	tests/conformance/arithmetic/add.affine	0	<no-RS-construct:non-RS-drift>
affinescript	tests/conformance/arithmetic/divide.affine	0	<no-RS-construct:non-RS-drift>
affinescript	tests/conformance/arithmetic/modulo.affine	0	<no-RS-construct:non-RS-drift>
affinescript	tests/conformance/arithmetic/multiply.affine	0	<no-RS-construct:non-RS-drift>
affinescript	tests/conformance/arithmetic/subtract.affine	0	<no-RS-construct:non-RS-drift>
affinescript	tests/conformance/collection/contains.affine	0	<no-RS-construct:non-RS-drift>
affinescript	tests/conformance/collection/filter.affine	0	<no-RS-construct:non-RS-drift>
affinescript	tests/conformance/collection/fold.affine	0	<no-RS-construct:non-RS-drift>
affinescript	tests/conformance/collection/map.affine	0	<no-RS-construct:non-RS-drift>
affinescript	tests/conformance/comparison/equal.affine	0	<no-RS-construct:non-RS-drift>
affinescript	tests/conformance/comparison/greater_equal.affine	0	<no-RS-construct:non-RS-drift>
affinescript	tests/conformance/comparison/greater_than.affine	0	<no-RS-construct:non-RS-drift>
affinescript	tests/conformance/comparison/less_equal.affine	0	<no-RS-construct:non-RS-drift>
affinescript	tests/conformance/comparison/less_than.affine	0	<no-RS-construct:non-RS-drift>
affinescript	tests/conformance/comparison/not_equal.affine	0	<no-RS-construct:non-RS-drift>
affinescript	tests/conformance/conditional/if_then_else.affine	0	<no-RS-construct:non-RS-drift>
affinescript	tests/conformance/logical/and.affine	0	<no-RS-construct:non-RS-drift>
affinescript	tests/conformance/logical/not.affine	0	<no-RS-construct:non-RS-drift>
affinescript	tests/conformance/logical/or.affine	0	<no-RS-construct:non-RS-drift>
affinescript	tests/conformance/run_all.affine	1	import-as
affinescript	tests/conformance/string/concat.affine	0	<no-RS-construct:non-RS-drift>
affinescript	tests/conformance/string/length.affine	0	<no-RS-construct:non-RS-drift>
affinescript	tests/conformance/string/substring.affine	0	<no-RS-construct:non-RS-drift>
affinescript	tests/modules/test_import.affine	0	<no-RS-construct:non-RS-drift>
affinescript	tests/modules/test_math_functions.affine	0	<no-RS-construct:non-RS-drift>
affinescript	tests/parser/unsafe_all.affine	0	<no-RS-construct:non-RS-drift>
affinescript	tests/parser/unsafe_ops.affine	0	<no-RS-construct:non-RS-drift>
affinescript	tests/scratch/test_spread.affine	0	<no-RS-construct:non-RS-drift>
affinescript	tests/scratch/test_spread2.affine	0	<no-RS-construct:non-RS-drift>
affinescript	tests/scratch/test_spread3.affine	0	<no-RS-construct:non-RS-drift>
affinescript	tests/types/test_dependent_e2e.affine	0	<no-RS-construct:non-RS-drift>
affinescript	tests/types/test_dependent_parsing.affine	0	<no-RS-construct:non-RS-drift>
affinescript	tests/types/test_generic_programming.affine	0	<no-RS-construct:non-RS-drift>
affinescript	tests/types/test_hkt_parsing.affine	0	<no-RS-construct:non-RS-drift>
affinescript	tests/types/test_kind_checking.affine	0	<no-RS-construct:non-RS-drift>
affinescript	tests/types/test_row_polymorphism.affine	0	<no-RS-construct:non-RS-drift>
affinescript	tests/types/test_row_simple.affine	0	<no-RS-construct:non-RS-drift>
affinescript	tests/types/test_traits.affine	0	<no-RS-construct:non-RS-drift>
airborne-submarine-squadron	archive/src/main_clean.affine	0	<no-RS-construct:non-RS-drift>
airborne-submarine-squadron	archive/src/main_complete.affine	0	<no-RS-construct:non-RS-drift>
airborne-submarine-squadron	archive/src/main_complete_temp.affine	0	<no-RS-construct:non-RS-drift>
airborne-submarine-squadron	archive/src/main_complete_v2.affine	0	<no-RS-construct:non-RS-drift>
airborne-submarine-squadron	archive/src/main_complete_working.affine	0	<no-RS-construct:non-RS-drift>
airborne-submarine-squadron	archive/src/main_enhanced.affine	0	<no-RS-construct:non-RS-drift>
airborne-submarine-squadron	archive/src/main_final.affine	0	<no-RS-construct:non-RS-drift>
airborne-submarine-squadron	archive/src/main_final_working.affine	0	<no-RS-construct:non-RS-drift>
airborne-submarine-squadron	archive/src/main_hybrid.affine	0	<no-RS-construct:non-RS-drift>
airborne-submarine-squadron	archive/src/main_incremental.affine	0	<no-RS-construct:non-RS-drift>
airborne-submarine-squadron	archive/src/main_incremental_temp.affine	0	<no-RS-construct:non-RS-drift>
airborne-submarine-squadron	archive/src/main_step1.affine	0	<no-RS-construct:non-RS-drift>
airborne-submarine-squadron	archive/src/main_working.affine	0	<no-RS-construct:non-RS-drift>
ambientops	gui/src/tea/ambientops_gui.affine	0	<no-RS-construct:non-RS-drift>
bofj-kitt	affinescript/conformance/invalid/001_unclosed_brace.affine	0	<no-RS-construct:non-RS-drift>
bofj-kitt	affinescript/conformance/invalid/002_unclosed_string.affine	0	<no-RS-construct:non-RS-drift>
bofj-kitt	affinescript/conformance/invalid/003_bad_number.affine	0	<no-RS-construct:non-RS-drift>
bofj-kitt	affinescript/conformance/invalid/004_unexpected_token.affine	0	<no-RS-construct:non-RS-drift>
bofj-kitt	affinescript/conformance/invalid/005_missing_arrow.affine	0	<no-RS-construct:non-RS-drift>
bofj-kitt	affinescript/conformance/invalid/006_bad_operator.affine	0	<no-RS-construct:non-RS-drift>
bofj-kitt	affinescript/conformance/invalid/007_incomplete_effect.affine	0	<no-RS-construct:non-RS-drift>
bofj-kitt	affinescript/conformance/invalid/008_mismatched_parens.affine	0	<no-RS-construct:non-RS-drift>
bofj-kitt	affinescript/conformance/invalid/009_reserved_keyword.affine	0	<no-RS-construct:non-RS-drift>
bofj-kitt	affinescript/conformance/invalid/012_trailing_comma.affine	0	<no-RS-construct:non-RS-drift>
bofj-kitt	affinescript/conformance/valid/006_type_alias.affine	0	<no-RS-construct:non-RS-drift>
bofj-kitt	affinescript/conformance/valid/007_struct_def.affine	0	<no-RS-construct:non-RS-drift>
bofj-kitt	affinescript/conformance/valid/011_rows.affine	0	<no-RS-construct:non-RS-drift>
bofj-kitt	affinescript/conformance/valid/012_ownership.affine	0	<no-RS-construct:non-RS-drift>
bofj-kitt	affinescript/docs/guides/warmup/01_basics.affine	0	<no-RS-construct:non-RS-drift>
bofj-kitt	affinescript/docs/guides/warmup/02_ownership.affine	1	mutable-field
bofj-kitt	affinescript/docs/guides/warmup/03_effects.affine	0	<no-RS-construct:non-RS-drift>
bofj-kitt	affinescript/docs/guides/warmup/04_rows.affine	0	<no-RS-construct:non-RS-drift>
bofj-kitt	affinescript/examples/comprehensive_test.affine	0	<no-RS-construct:non-RS-drift>
bofj-kitt	affinescript/examples/lessons/01_hello.affine	0	<no-RS-construct:non-RS-drift>
bofj-kitt	affinescript/examples/rows.affine	0	<no-RS-construct:non-RS-drift>
bofj-kitt	affinescript/examples/typecheck_complete_test.affine	0	<no-RS-construct:non-RS-drift>
bofj-kitt	affinescript/stdlib/Core.affine	0	<no-RS-construct:non-RS-drift>
bofj-kitt	affinescript/stdlib/collections.affine	0	<no-RS-construct:non-RS-drift>
bofj-kitt	affinescript/stdlib/effects.affine	1	mutable-field
bofj-kitt	affinescript/stdlib/io.affine	0	<no-RS-construct:non-RS-drift>
bofj-kitt	affinescript/stdlib/math.affine	0	<no-RS-construct:non-RS-drift>
bofj-kitt	affinescript/stdlib/option.affine	0	<no-RS-construct:non-RS-drift>
bofj-kitt	affinescript/stdlib/prelude.affine	0	<no-RS-construct:non-RS-drift>
bofj-kitt	affinescript/stdlib/result.affine	0	<no-RS-construct:non-RS-drift>
bofj-kitt	affinescript/stdlib/string.affine	0	<no-RS-construct:non-RS-drift>
bofj-kitt	affinescript/stdlib/testing.affine	0	<no-RS-construct:non-RS-drift>
bofj-kitt	affinescript/stdlib/traits.affine	0	<no-RS-construct:non-RS-drift>
bofj-kitt	affinescript/test/e2e/fixtures/bug_001_omega_let_smuggles_linear.affine	0	<no-RS-construct:non-RS-drift>
bofj-kitt	affinescript/test/e2e/fixtures/bug_001_sugar_form.affine	0	<no-RS-construct:non-RS-drift>
bofj-kitt	affinescript/test/e2e/fixtures/cmd_dropped.affine	0	<no-RS-construct:non-RS-drift>
bofj-kitt	affinescript/test/e2e/fixtures/counter.affine	0	<no-RS-construct:non-RS-drift>
bofj-kitt	affinescript/test/e2e/fixtures/full_pipeline.affine	0	<no-RS-construct:non-RS-drift>
bofj-kitt	affinescript/test/e2e/fixtures/linear_arrow_violation.affine	0	<no-RS-construct:non-RS-drift>
bofj-kitt	affinescript/test/e2e/fixtures/pattern_match.affine	0	<no-RS-construct:non-RS-drift>
bofj-kitt	affinescript/test/e2e/fixtures/row_polymorphism.affine	0	<no-RS-construct:non-RS-drift>
bofj-kitt	affinescript/test/e2e/fixtures/titlescreen.affine	0	<no-RS-construct:non-RS-drift>
bofj-kitt	affinescript/test/e2e/fixtures/trait_impl_missing_method.affine	0	<no-RS-construct:non-RS-drift>
bofj-kitt	affinescript/test/e2e/fixtures/type_decls.affine	0	<no-RS-construct:non-RS-drift>
bofj-kitt	affinescript/test/golden/binary_ops.affine	0	<no-RS-construct:non-RS-drift>
bofj-kitt	affinescript/test/golden/imports.affine	0	<no-RS-construct:non-RS-drift>
bofj-kitt	affinescript/test/golden/patterns.affine	0	<no-RS-construct:non-RS-drift>
bofj-kitt	affinescript/test/golden/rows.affine	0	<no-RS-construct:non-RS-drift>
bofj-kitt	affinescript/test_spread.affine	0	<no-RS-construct:non-RS-drift>
bofj-kitt	affinescript/test_spread2.affine	0	<no-RS-construct:non-RS-drift>
bofj-kitt	affinescript/test_spread3.affine	0	<no-RS-construct:non-RS-drift>
bofj-kitt	affinescript/tests/borrow/simple_move_test.affine	0	<no-RS-construct:non-RS-drift>
bofj-kitt	affinescript/tests/borrow/test_immutable_assign_error.affine	0	<no-RS-construct:non-RS-drift>
bofj-kitt	affinescript/tests/borrow/test_move.affine	0	<no-RS-construct:non-RS-drift>
bofj-kitt	affinescript/tests/borrow/test_move_after_use.affine	0	<no-RS-construct:non-RS-drift>
bofj-kitt	affinescript/tests/borrow/use_after_move.affine	0	<no-RS-construct:non-RS-drift>
bofj-kitt	affinescript/tests/codegen/test_opt_if_fold.affine	0	<no-RS-construct:non-RS-drift>
bofj-kitt	affinescript/tests/codegen/test_pattern_record.affine	0	<no-RS-construct:non-RS-drift>
bofj-kitt	affinescript/tests/codegen/test_record_multi_field.affine	0	<no-RS-construct:non-RS-drift>
bofj-kitt	affinescript/tests/codegen/test_record_multiple.affine	0	<no-RS-construct:non-RS-drift>
bofj-kitt	affinescript/tests/codegen/test_record_simple.affine	0	<no-RS-construct:non-RS-drift>
bofj-kitt	affinescript/tests/codegen/test_string_diff.affine	0	<no-RS-construct:non-RS-drift>
bofj-kitt	affinescript/tests/codegen/test_string_eq.affine	0	<no-RS-construct:non-RS-drift>
bofj-kitt	affinescript/tests/codegen/test_tuple_record_array.affine	0	<no-RS-construct:non-RS-drift>
bofj-kitt	affinescript/tests/conformance/arithmetic/add.affine	0	<no-RS-construct:non-RS-drift>
bofj-kitt	affinescript/tests/conformance/arithmetic/divide.affine	0	<no-RS-construct:non-RS-drift>
bofj-kitt	affinescript/tests/conformance/arithmetic/modulo.affine	0	<no-RS-construct:non-RS-drift>
bofj-kitt	affinescript/tests/conformance/arithmetic/multiply.affine	0	<no-RS-construct:non-RS-drift>
bofj-kitt	affinescript/tests/conformance/arithmetic/subtract.affine	0	<no-RS-construct:non-RS-drift>
bofj-kitt	affinescript/tests/conformance/collection/contains.affine	0	<no-RS-construct:non-RS-drift>
bofj-kitt	affinescript/tests/conformance/collection/filter.affine	0	<no-RS-construct:non-RS-drift>
bofj-kitt	affinescript/tests/conformance/collection/fold.affine	0	<no-RS-construct:non-RS-drift>
bofj-kitt	affinescript/tests/conformance/collection/map.affine	0	<no-RS-construct:non-RS-drift>
bofj-kitt	affinescript/tests/conformance/comparison/equal.affine	0	<no-RS-construct:non-RS-drift>
bofj-kitt	affinescript/tests/conformance/comparison/greater_equal.affine	0	<no-RS-construct:non-RS-drift>
bofj-kitt	affinescript/tests/conformance/comparison/greater_than.affine	0	<no-RS-construct:non-RS-drift>
bofj-kitt	affinescript/tests/conformance/comparison/less_equal.affine	0	<no-RS-construct:non-RS-drift>
bofj-kitt	affinescript/tests/conformance/comparison/less_than.affine	0	<no-RS-construct:non-RS-drift>
bofj-kitt	affinescript/tests/conformance/comparison/not_equal.affine	0	<no-RS-construct:non-RS-drift>
bofj-kitt	affinescript/tests/conformance/conditional/if_then_else.affine	0	<no-RS-construct:non-RS-drift>
bofj-kitt	affinescript/tests/conformance/logical/and.affine	0	<no-RS-construct:non-RS-drift>
bofj-kitt	affinescript/tests/conformance/logical/not.affine	0	<no-RS-construct:non-RS-drift>
bofj-kitt	affinescript/tests/conformance/logical/or.affine	0	<no-RS-construct:non-RS-drift>
bofj-kitt	affinescript/tests/conformance/run_all.affine	1	import-as
bofj-kitt	affinescript/tests/conformance/string/concat.affine	0	<no-RS-construct:non-RS-drift>
bofj-kitt	affinescript/tests/conformance/string/length.affine	0	<no-RS-construct:non-RS-drift>
bofj-kitt	affinescript/tests/conformance/string/substring.affine	0	<no-RS-construct:non-RS-drift>
bofj-kitt	affinescript/tests/modules/test_import.affine	0	<no-RS-construct:non-RS-drift>
bofj-kitt	affinescript/tests/modules/test_math_functions.affine	0	<no-RS-construct:non-RS-drift>
bofj-kitt	affinescript/tests/parser/unsafe_all.affine	0	<no-RS-construct:non-RS-drift>
bofj-kitt	affinescript/tests/parser/unsafe_ops.affine	0	<no-RS-construct:non-RS-drift>
bofj-kitt	affinescript/tests/types/test_dependent_e2e.affine	0	<no-RS-construct:non-RS-drift>
bofj-kitt	affinescript/tests/types/test_dependent_parsing.affine	0	<no-RS-construct:non-RS-drift>
bofj-kitt	affinescript/tests/types/test_generic_programming.affine	0	<no-RS-construct:non-RS-drift>
bofj-kitt	affinescript/tests/types/test_hkt_parsing.affine	0	<no-RS-construct:non-RS-drift>
bofj-kitt	affinescript/tests/types/test_kind_checking.affine	0	<no-RS-construct:non-RS-drift>
bofj-kitt	affinescript/tests/types/test_row_polymorphism.affine	0	<no-RS-construct:non-RS-drift>
bofj-kitt	affinescript/tests/types/test_row_simple.affine	0	<no-RS-construct:non-RS-drift>
bofj-kitt	affinescript/tests/types/test_traits.affine	0	<no-RS-construct:non-RS-drift>
burble	admin/src/App.affine	1	rs-generic<>
burble	admin/src/BurbleCmd.affine	1	rs-generic<>
burble	admin/src/Capabilities.affine	1	rs-generic<>
burble	admin/src/Model.affine	2	array<T>,rs-generic<>
burble	admin/src/Msg.affine	1	rs-generic<>
burble	admin/src/RuntimeBridge.affine	2	rs-generic<>,%%raw
burble	client/lib/src/BurbleClient.affine	7	array<T>,rs-generic<>,Dict.t,mutable-field,type-rec,labelled-(~x),JSON.t
burble	client/lib/src/BurbleLOL.affine	2	rs-generic<>,rs-stdlib
burble	client/lib/src/BurbleProfile.affine	0	<no-RS-construct:non-RS-drift>
burble	client/lib/src/BurbleSignaling.affine	3	rs-generic<>,mutable-field,JSON.t
burble	client/lib/src/BurbleSpatial.affine	3	rs-generic<>,Dict.t,mutable-field
burble	client/lib/src/BurbleVoice.affine	4	array<T>,rs-generic<>,mutable-field,JSON.t
burble	client/lib/src/extensions/IDApTIKVoice.affine	3	rs-generic<>,mutable-field,labelled-(~x)
burble	client/lib/src/extensions/PanLLVoice.affine	2	rs-generic<>,mutable-field
burble	client/web/src/Audio.affine	2	open-Mod,rs-stdlib
burble	client/web/src/Bindings.affine	0	<no-RS-construct:non-RS-drift>
burble	client/web/src/Main.affine	2	open-Mod,%%raw
burble	client/web/src/Room.affine	1	array<T>
burble	client/web/src/Signaling.affine	1	open-Mod
burble	client/web/src/WebRTC.affine	2	array<T>,rs-generic<>
burble	client/web/src/app/App.affine	5	array<T>,rs-generic<>,mutable-field,%%raw,labelled-(~x)
burble	client/web/src/app/Routes.affine	0	<no-RS-construct:non-RS-drift>
burble	client/web/src/app/auth/AuthState.affine	3	rs-generic<>,mutable-field,type-rec
burble	client/web/src/app/diagnostics/SelfTestPanel.affine	4	array<T>,rs-generic<>,mutable-field,%%raw
burble	client/web/src/app/rooms/RoomList.affine	6	array<T>,rs-generic<>,mutable-field,%%raw,labelled-(~x),JSON.t
burble	client/web/src/app/rooms/RoomState.affine	5	array<T>,rs-generic<>,Dict.t,mutable-field,labelled-(~x)
burble	client/web/src/app/setup/SetupWizard.affine	5	array<T>,rs-generic<>,mutable-field,%%raw,labelled-(~x)
burble	client/web/src/app/text/TextChat.affine	7	array<T>,rs-generic<>,Dict.t,mutable-field,%%raw,labelled-(~x),JSON.t
burble	client/web/src/app/voice/AudioPipeline.affine	5	array<T>,rs-generic<>,mutable-field,%%raw,labelled-(~x)
burble	client/web/src/app/voice/E2EE.affine	6	array<T>,rs-generic<>,mutable-field,type-rec,%%raw,labelled-(~x)
burble	client/web/src/app/voice/ScreenShare.affine	5	array<T>,rs-generic<>,mutable-field,%%raw,labelled-(~x)
burble	client/web/src/app/voice/VoiceControls.affine	4	array<T>,rs-generic<>,mutable-field,%%raw
burble	client/web/src/app/voice/VoiceEngine.affine	7	array<T>,rs-generic<>,Dict.t,mutable-field,%%raw,labelled-(~x),JSON.t
burble	client/web/src/bindings/PhoenixSocket.affine	3	array<T>,labelled-(~x),JSON.t
burble	examples/SafeDOMExample.affine	1	open-Mod
developer-ecosystem	affinescript-ecosystem/rattlescript/affinescript/conformance/invalid/001_unclosed_brace.affine	0	<no-RS-construct:non-RS-drift>
developer-ecosystem	affinescript-ecosystem/rattlescript/affinescript/conformance/invalid/002_unclosed_string.affine	0	<no-RS-construct:non-RS-drift>
developer-ecosystem	affinescript-ecosystem/rattlescript/affinescript/conformance/invalid/003_bad_number.affine	0	<no-RS-construct:non-RS-drift>
developer-ecosystem	affinescript-ecosystem/rattlescript/affinescript/conformance/invalid/004_unexpected_token.affine	0	<no-RS-construct:non-RS-drift>
developer-ecosystem	affinescript-ecosystem/rattlescript/affinescript/conformance/invalid/005_missing_arrow.affine	0	<no-RS-construct:non-RS-drift>
developer-ecosystem	affinescript-ecosystem/rattlescript/affinescript/conformance/invalid/006_bad_operator.affine	0	<no-RS-construct:non-RS-drift>
developer-ecosystem	affinescript-ecosystem/rattlescript/affinescript/conformance/invalid/007_incomplete_effect.affine	0	<no-RS-construct:non-RS-drift>
developer-ecosystem	affinescript-ecosystem/rattlescript/affinescript/conformance/invalid/008_mismatched_parens.affine	0	<no-RS-construct:non-RS-drift>
developer-ecosystem	affinescript-ecosystem/rattlescript/affinescript/conformance/invalid/009_reserved_keyword.affine	0	<no-RS-construct:non-RS-drift>
developer-ecosystem	affinescript-ecosystem/rattlescript/affinescript/conformance/invalid/012_trailing_comma.affine	0	<no-RS-construct:non-RS-drift>
developer-ecosystem	affinescript-ecosystem/rattlescript/affinescript/conformance/valid/006_type_alias.affine	0	<no-RS-construct:non-RS-drift>
developer-ecosystem	affinescript-ecosystem/rattlescript/affinescript/conformance/valid/007_struct_def.affine	0	<no-RS-construct:non-RS-drift>
developer-ecosystem	affinescript-ecosystem/rattlescript/affinescript/conformance/valid/011_rows.affine	0	<no-RS-construct:non-RS-drift>
developer-ecosystem	affinescript-ecosystem/rattlescript/affinescript/conformance/valid/012_ownership.affine	0	<no-RS-construct:non-RS-drift>
developer-ecosystem	affinescript-ecosystem/rattlescript/affinescript/docs/guides/warmup/01_basics.affine	0	<no-RS-construct:non-RS-drift>
developer-ecosystem	affinescript-ecosystem/rattlescript/affinescript/docs/guides/warmup/02_ownership.affine	1	mutable-field
developer-ecosystem	affinescript-ecosystem/rattlescript/affinescript/docs/guides/warmup/03_effects.affine	0	<no-RS-construct:non-RS-drift>
developer-ecosystem	affinescript-ecosystem/rattlescript/affinescript/docs/guides/warmup/04_rows.affine	0	<no-RS-construct:non-RS-drift>
developer-ecosystem	affinescript-ecosystem/rattlescript/affinescript/examples/comprehensive_test.affine	0	<no-RS-construct:non-RS-drift>
developer-ecosystem	affinescript-ecosystem/rattlescript/affinescript/examples/effects.affine	0	<no-RS-construct:non-RS-drift>
developer-ecosystem	affinescript-ecosystem/rattlescript/affinescript/examples/exception_test.affine	0	<no-RS-construct:non-RS-drift>
developer-ecosystem	affinescript-ecosystem/rattlescript/affinescript/examples/lessons/01_hello.affine	0	<no-RS-construct:non-RS-drift>
developer-ecosystem	affinescript-ecosystem/rattlescript/affinescript/examples/ownership.affine	0	<no-RS-construct:non-RS-drift>
developer-ecosystem	affinescript-ecosystem/rattlescript/affinescript/examples/rows.affine	0	<no-RS-construct:non-RS-drift>
developer-ecosystem	affinescript-ecosystem/rattlescript/affinescript/examples/traits.affine	0	<no-RS-construct:non-RS-drift>
developer-ecosystem	affinescript-ecosystem/rattlescript/affinescript/examples/typecheck_complete_test.affine	1	mutable-field
developer-ecosystem	affinescript-ecosystem/rattlescript/affinescript/examples/typecheck_features_test.affine	0	<no-RS-construct:non-RS-drift>
developer-ecosystem	affinescript-ecosystem/rattlescript/affinescript/stdlib/Core.affine	0	<no-RS-construct:non-RS-drift>
developer-ecosystem	affinescript-ecosystem/rattlescript/affinescript/stdlib/Option.affine	0	<no-RS-construct:non-RS-drift>
developer-ecosystem	affinescript-ecosystem/rattlescript/affinescript/stdlib/Result.affine	0	<no-RS-construct:non-RS-drift>
developer-ecosystem	affinescript-ecosystem/rattlescript/affinescript/stdlib/collections.affine	0	<no-RS-construct:non-RS-drift>
developer-ecosystem	affinescript-ecosystem/rattlescript/affinescript/stdlib/effects.affine	1	mutable-field
developer-ecosystem	affinescript-ecosystem/rattlescript/affinescript/stdlib/io.affine	0	<no-RS-construct:non-RS-drift>
developer-ecosystem	affinescript-ecosystem/rattlescript/affinescript/stdlib/math.affine	0	<no-RS-construct:non-RS-drift>
developer-ecosystem	affinescript-ecosystem/rattlescript/affinescript/stdlib/option.affine	0	<no-RS-construct:non-RS-drift>
developer-ecosystem	affinescript-ecosystem/rattlescript/affinescript/stdlib/prelude.affine	0	<no-RS-construct:non-RS-drift>
developer-ecosystem	affinescript-ecosystem/rattlescript/affinescript/stdlib/result.affine	0	<no-RS-construct:non-RS-drift>
developer-ecosystem	affinescript-ecosystem/rattlescript/affinescript/stdlib/string.affine	0	<no-RS-construct:non-RS-drift>
developer-ecosystem	affinescript-ecosystem/rattlescript/affinescript/stdlib/testing.affine	0	<no-RS-construct:non-RS-drift>
developer-ecosystem	affinescript-ecosystem/rattlescript/affinescript/stdlib/traits.affine	0	<no-RS-construct:non-RS-drift>
developer-ecosystem	affinescript-ecosystem/rattlescript/affinescript/test/e2e/fixtures/bug_001_omega_let_smuggles_linear.affine	0	<no-RS-construct:non-RS-drift>
developer-ecosystem	affinescript-ecosystem/rattlescript/affinescript/test/e2e/fixtures/bug_001_sugar_form.affine	0	<no-RS-construct:non-RS-drift>
developer-ecosystem	affinescript-ecosystem/rattlescript/affinescript/test/e2e/fixtures/full_pipeline.affine	0	<no-RS-construct:non-RS-drift>
developer-ecosystem	affinescript-ecosystem/rattlescript/affinescript/test/e2e/fixtures/pattern_match.affine	0	<no-RS-construct:non-RS-drift>
developer-ecosystem	affinescript-ecosystem/rattlescript/affinescript/test/e2e/fixtures/row_polymorphism.affine	0	<no-RS-construct:non-RS-drift>
developer-ecosystem	affinescript-ecosystem/rattlescript/affinescript/test/e2e/fixtures/type_decls.affine	0	<no-RS-construct:non-RS-drift>
developer-ecosystem	affinescript-ecosystem/rattlescript/affinescript/test/golden/binary_ops.affine	0	<no-RS-construct:non-RS-drift>
developer-ecosystem	affinescript-ecosystem/rattlescript/affinescript/test/golden/imports.affine	0	<no-RS-construct:non-RS-drift>
developer-ecosystem	affinescript-ecosystem/rattlescript/affinescript/test/golden/patterns.affine	0	<no-RS-construct:non-RS-drift>
developer-ecosystem	affinescript-ecosystem/rattlescript/affinescript/test/golden/rows.affine	0	<no-RS-construct:non-RS-drift>
developer-ecosystem	affinescript-ecosystem/rattlescript/affinescript/test_spread.affine	0	<no-RS-construct:non-RS-drift>
developer-ecosystem	affinescript-ecosystem/rattlescript/affinescript/test_spread2.affine	0	<no-RS-construct:non-RS-drift>
developer-ecosystem	affinescript-ecosystem/rattlescript/affinescript/test_spread3.affine	0	<no-RS-construct:non-RS-drift>
developer-ecosystem	affinescript-ecosystem/rattlescript/affinescript/tests/borrow/simple_move_test.affine	0	<no-RS-construct:non-RS-drift>
developer-ecosystem	affinescript-ecosystem/rattlescript/affinescript/tests/borrow/test_immutable_assign_error.affine	0	<no-RS-construct:non-RS-drift>
developer-ecosystem	affinescript-ecosystem/rattlescript/affinescript/tests/borrow/test_move.affine	0	<no-RS-construct:non-RS-drift>
developer-ecosystem	affinescript-ecosystem/rattlescript/affinescript/tests/borrow/test_move_after_use.affine	0	<no-RS-construct:non-RS-drift>
developer-ecosystem	affinescript-ecosystem/rattlescript/affinescript/tests/borrow/use_after_move.affine	0	<no-RS-construct:non-RS-drift>
developer-ecosystem	affinescript-ecosystem/rattlescript/affinescript/tests/codegen/test_opt_if_fold.affine	0	<no-RS-construct:non-RS-drift>
developer-ecosystem	affinescript-ecosystem/rattlescript/affinescript/tests/codegen/test_pattern_record.affine	0	<no-RS-construct:non-RS-drift>
developer-ecosystem	affinescript-ecosystem/rattlescript/affinescript/tests/codegen/test_record_multi_field.affine	0	<no-RS-construct:non-RS-drift>
developer-ecosystem	affinescript-ecosystem/rattlescript/affinescript/tests/codegen/test_record_multiple.affine	0	<no-RS-construct:non-RS-drift>
developer-ecosystem	affinescript-ecosystem/rattlescript/affinescript/tests/codegen/test_record_simple.affine	0	<no-RS-construct:non-RS-drift>
developer-ecosystem	affinescript-ecosystem/rattlescript/affinescript/tests/codegen/test_string_diff.affine	0	<no-RS-construct:non-RS-drift>
developer-ecosystem	affinescript-ecosystem/rattlescript/affinescript/tests/codegen/test_string_eq.affine	0	<no-RS-construct:non-RS-drift>
developer-ecosystem	affinescript-ecosystem/rattlescript/affinescript/tests/codegen/test_tuple_record_array.affine	0	<no-RS-construct:non-RS-drift>
developer-ecosystem	affinescript-ecosystem/rattlescript/affinescript/tests/conformance/arithmetic/add.affine	0	<no-RS-construct:non-RS-drift>
developer-ecosystem	affinescript-ecosystem/rattlescript/affinescript/tests/conformance/arithmetic/divide.affine	0	<no-RS-construct:non-RS-drift>
developer-ecosystem	affinescript-ecosystem/rattlescript/affinescript/tests/conformance/arithmetic/modulo.affine	0	<no-RS-construct:non-RS-drift>
developer-ecosystem	affinescript-ecosystem/rattlescript/affinescript/tests/conformance/arithmetic/multiply.affine	0	<no-RS-construct:non-RS-drift>
developer-ecosystem	affinescript-ecosystem/rattlescript/affinescript/tests/conformance/arithmetic/subtract.affine	0	<no-RS-construct:non-RS-drift>
developer-ecosystem	affinescript-ecosystem/rattlescript/affinescript/tests/conformance/collection/contains.affine	0	<no-RS-construct:non-RS-drift>
developer-ecosystem	affinescript-ecosystem/rattlescript/affinescript/tests/conformance/collection/filter.affine	0	<no-RS-construct:non-RS-drift>
developer-ecosystem	affinescript-ecosystem/rattlescript/affinescript/tests/conformance/collection/fold.affine	0	<no-RS-construct:non-RS-drift>
developer-ecosystem	affinescript-ecosystem/rattlescript/affinescript/tests/conformance/collection/map.affine	0	<no-RS-construct:non-RS-drift>
developer-ecosystem	affinescript-ecosystem/rattlescript/affinescript/tests/conformance/comparison/equal.affine	0	<no-RS-construct:non-RS-drift>
developer-ecosystem	affinescript-ecosystem/rattlescript/affinescript/tests/conformance/comparison/greater_equal.affine	0	<no-RS-construct:non-RS-drift>
developer-ecosystem	affinescript-ecosystem/rattlescript/affinescript/tests/conformance/comparison/greater_than.affine	0	<no-RS-construct:non-RS-drift>
developer-ecosystem	affinescript-ecosystem/rattlescript/affinescript/tests/conformance/comparison/less_equal.affine	0	<no-RS-construct:non-RS-drift>
developer-ecosystem	affinescript-ecosystem/rattlescript/affinescript/tests/conformance/comparison/less_than.affine	0	<no-RS-construct:non-RS-drift>
developer-ecosystem	affinescript-ecosystem/rattlescript/affinescript/tests/conformance/comparison/not_equal.affine	0	<no-RS-construct:non-RS-drift>
developer-ecosystem	affinescript-ecosystem/rattlescript/affinescript/tests/conformance/conditional/if_then_else.affine	0	<no-RS-construct:non-RS-drift>
developer-ecosystem	affinescript-ecosystem/rattlescript/affinescript/tests/conformance/logical/and.affine	0	<no-RS-construct:non-RS-drift>
developer-ecosystem	affinescript-ecosystem/rattlescript/affinescript/tests/conformance/logical/not.affine	0	<no-RS-construct:non-RS-drift>
developer-ecosystem	affinescript-ecosystem/rattlescript/affinescript/tests/conformance/logical/or.affine	0	<no-RS-construct:non-RS-drift>
developer-ecosystem	affinescript-ecosystem/rattlescript/affinescript/tests/conformance/run_all.affine	1	import-as
developer-ecosystem	affinescript-ecosystem/rattlescript/affinescript/tests/conformance/string/concat.affine	0	<no-RS-construct:non-RS-drift>
developer-ecosystem	affinescript-ecosystem/rattlescript/affinescript/tests/conformance/string/length.affine	0	<no-RS-construct:non-RS-drift>
developer-ecosystem	affinescript-ecosystem/rattlescript/affinescript/tests/conformance/string/substring.affine	0	<no-RS-construct:non-RS-drift>
developer-ecosystem	affinescript-ecosystem/rattlescript/affinescript/tests/modules/test_import.affine	0	<no-RS-construct:non-RS-drift>
developer-ecosystem	affinescript-ecosystem/rattlescript/affinescript/tests/modules/test_math_functions.affine	0	<no-RS-construct:non-RS-drift>
developer-ecosystem	affinescript-ecosystem/rattlescript/affinescript/tests/parser/unsafe_all.affine	0	<no-RS-construct:non-RS-drift>
developer-ecosystem	affinescript-ecosystem/rattlescript/affinescript/tests/parser/unsafe_ops.affine	0	<no-RS-construct:non-RS-drift>
developer-ecosystem	affinescript-ecosystem/rattlescript/affinescript/tests/types/test_dependent_e2e.affine	0	<no-RS-construct:non-RS-drift>
developer-ecosystem	affinescript-ecosystem/rattlescript/affinescript/tests/types/test_dependent_parsing.affine	0	<no-RS-construct:non-RS-drift>
developer-ecosystem	affinescript-ecosystem/rattlescript/affinescript/tests/types/test_generic_programming.affine	0	<no-RS-construct:non-RS-drift>
developer-ecosystem	affinescript-ecosystem/rattlescript/affinescript/tests/types/test_hkt_parsing.affine	0	<no-RS-construct:non-RS-drift>
developer-ecosystem	affinescript-ecosystem/rattlescript/affinescript/tests/types/test_kind_checking.affine	0	<no-RS-construct:non-RS-drift>
developer-ecosystem	affinescript-ecosystem/rattlescript/affinescript/tests/types/test_row_polymorphism.affine	0	<no-RS-construct:non-RS-drift>
developer-ecosystem	affinescript-ecosystem/rattlescript/affinescript/tests/types/test_row_simple.affine	0	<no-RS-construct:non-RS-drift>
developer-ecosystem	affinescript-ecosystem/rattlescript/affinescript/tests/types/test_traits.affine	0	<no-RS-construct:non-RS-drift>
echidna	src/ui/tea/echidna_gui.affine	0	<no-RS-construct:non-RS-drift>
game-server-admin	src/ui/tea/gsa_gui.affine	1	List(X)
git-scripts	src/ui/tea/git_scripts_gui.affine	1	List(X)
idaptik	migration/main/Boot.affine	1	mutable-field
idaptik	migration/main/Main.affine	1	%%raw
idaptik	migration/main/MultiplayerHandlers.affine	0	<no-RS-construct:non-RS-drift>
idaptik	migration/main/StartupError.affine	1	%%raw
idaptik	migration/shared/CoopEvent.affine	0	<no-RS-construct:non-RS-drift>
idaptik	migration/shared/DeviceEvent.affine	0	<no-RS-construct:non-RS-drift>
idaptik	migration/shared/GameEvent.affine	0	<no-RS-construct:non-RS-drift>
idaptik	migration/shared/InventoryEvent.affine	0	<no-RS-construct:non-RS-drift>
idaptik	migration/shared/NetworkEvent.affine	0	<no-RS-construct:non-RS-drift>
idaptik	migration/shared/PlayerEvent.affine	0	<no-RS-construct:non-RS-drift>
idaptik	migration/shared/VMEvent.affine	0	<no-RS-construct:non-RS-drift>
idaptik	migration/shared/WiringEvent.affine	0	<no-RS-construct:non-RS-drift>
idaptik-dlc-vm	src/Instruction.affine	1	import-as
idaptik-dlc-vm	src/State.affine	2	mutable-field,import-as
idaptik-dlc-vm	src/Step.affine	1	import-as
idaptik-dlc-vm	src/Vm.affine	2	Dict.t,import-as
idaptik-dlc-vm	src/instructions/Add.affine	1	import-as
idaptik-dlc-vm	src/instructions/And.affine	1	import-as
idaptik-dlc-vm	src/instructions/Call.affine	1	import-as
idaptik-dlc-vm	src/instructions/Div.affine	1	import-as
idaptik-dlc-vm	src/instructions/Flip.affine	1	import-as
idaptik-dlc-vm	src/instructions/IfPos.affine	1	import-as
idaptik-dlc-vm	src/instructions/IfZero.affine	1	import-as
idaptik-dlc-vm	src/instructions/Load.affine	1	import-as
idaptik-dlc-vm	src/instructions/Loop.affine	1	import-as
idaptik-dlc-vm	src/instructions/Mul.affine	1	import-as
idaptik-dlc-vm	src/instructions/Negate.affine	1	import-as
idaptik-dlc-vm	src/instructions/Noop.affine	1	import-as
idaptik-dlc-vm	src/instructions/Or.affine	1	import-as
idaptik-dlc-vm	src/instructions/Pop.affine	1	import-as
idaptik-dlc-vm	src/instructions/Push.affine	1	import-as
idaptik-dlc-vm	src/instructions/Recv.affine	1	import-as
idaptik-dlc-vm	src/instructions/Rol.affine	1	import-as
idaptik-dlc-vm	src/instructions/Ror.affine	1	import-as
idaptik-dlc-vm	src/instructions/Send.affine	1	import-as
idaptik-dlc-vm	src/instructions/Store.affine	1	import-as
idaptik-dlc-vm	src/instructions/Sub.affine	1	import-as
idaptik-dlc-vm	src/instructions/Swap.affine	1	import-as
idaptik-dlc-vm	src/instructions/Xor.affine	1	import-as
idaptik-dlc-vm	tests/properties/reversibility.affine	1	import-as
invariant-path	src/ui/tea/invariant_path_gui.affine	1	List(X)
odds-and-sods-package-manager	src/ui/tea/opsm_gui.affine	0	<no-RS-construct:non-RS-drift>
panll	src/core/provisioner_engine.affine	0	<no-RS-construct:non-RS-drift>
panll	src/ui/tea/wizard.affine	1	mutable-field
proof-burrower	affinescript/conformance/invalid/001_unclosed_brace.affine	0	<no-RS-construct:non-RS-drift>
proof-burrower	affinescript/conformance/invalid/002_unclosed_string.affine	0	<no-RS-construct:non-RS-drift>
proof-burrower	affinescript/conformance/invalid/003_bad_number.affine	0	<no-RS-construct:non-RS-drift>
proof-burrower	affinescript/conformance/invalid/004_unexpected_token.affine	0	<no-RS-construct:non-RS-drift>
proof-burrower	affinescript/conformance/invalid/005_missing_arrow.affine	0	<no-RS-construct:non-RS-drift>
proof-burrower	affinescript/conformance/invalid/006_bad_operator.affine	0	<no-RS-construct:non-RS-drift>
proof-burrower	affinescript/conformance/invalid/007_incomplete_effect.affine	0	<no-RS-construct:non-RS-drift>
proof-burrower	affinescript/conformance/invalid/008_mismatched_parens.affine	0	<no-RS-construct:non-RS-drift>
proof-burrower	affinescript/conformance/invalid/009_reserved_keyword.affine	0	<no-RS-construct:non-RS-drift>
proof-burrower	affinescript/conformance/invalid/012_trailing_comma.affine	0	<no-RS-construct:non-RS-drift>
proof-burrower	affinescript/conformance/valid/006_type_alias.affine	0	<no-RS-construct:non-RS-drift>
proof-burrower	affinescript/conformance/valid/007_struct_def.affine	0	<no-RS-construct:non-RS-drift>
proof-burrower	affinescript/conformance/valid/011_rows.affine	0	<no-RS-construct:non-RS-drift>
proof-burrower	affinescript/conformance/valid/012_ownership.affine	0	<no-RS-construct:non-RS-drift>
proof-burrower	affinescript/docs/guides/warmup/01_basics.affine	0	<no-RS-construct:non-RS-drift>
proof-burrower	affinescript/docs/guides/warmup/02_ownership.affine	1	mutable-field
proof-burrower	affinescript/docs/guides/warmup/03_effects.affine	0	<no-RS-construct:non-RS-drift>
proof-burrower	affinescript/docs/guides/warmup/04_rows.affine	0	<no-RS-construct:non-RS-drift>
proof-burrower	affinescript/examples/comprehensive_test.affine	0	<no-RS-construct:non-RS-drift>
proof-burrower	affinescript/examples/lessons/01_hello.affine	0	<no-RS-construct:non-RS-drift>
proof-burrower	affinescript/examples/rows.affine	0	<no-RS-construct:non-RS-drift>
proof-burrower	affinescript/examples/typecheck_complete_test.affine	0	<no-RS-construct:non-RS-drift>
proof-burrower	affinescript/stdlib/Core.affine	0	<no-RS-construct:non-RS-drift>
proof-burrower	affinescript/stdlib/Option.affine	0	<no-RS-construct:non-RS-drift>
proof-burrower	affinescript/stdlib/Result.affine	0	<no-RS-construct:non-RS-drift>
proof-burrower	affinescript/stdlib/collections.affine	0	<no-RS-construct:non-RS-drift>
proof-burrower	affinescript/stdlib/effects.affine	1	mutable-field
proof-burrower	affinescript/stdlib/io.affine	0	<no-RS-construct:non-RS-drift>
proof-burrower	affinescript/stdlib/math.affine	0	<no-RS-construct:non-RS-drift>
proof-burrower	affinescript/stdlib/option.affine	0	<no-RS-construct:non-RS-drift>
proof-burrower	affinescript/stdlib/prelude.affine	0	<no-RS-construct:non-RS-drift>
proof-burrower	affinescript/stdlib/result.affine	0	<no-RS-construct:non-RS-drift>
proof-burrower	affinescript/stdlib/string.affine	0	<no-RS-construct:non-RS-drift>
proof-burrower	affinescript/stdlib/testing.affine	0	<no-RS-construct:non-RS-drift>
proof-burrower	affinescript/stdlib/traits.affine	0	<no-RS-construct:non-RS-drift>
proof-burrower	affinescript/test/e2e/fixtures/bug_001_omega_let_smuggles_linear.affine	0	<no-RS-construct:non-RS-drift>
proof-burrower	affinescript/test/e2e/fixtures/bug_001_sugar_form.affine	0	<no-RS-construct:non-RS-drift>
proof-burrower	affinescript/test/e2e/fixtures/cmd_dropped.affine	0	<no-RS-construct:non-RS-drift>
proof-burrower	affinescript/test/e2e/fixtures/counter.affine	0	<no-RS-construct:non-RS-drift>
proof-burrower	affinescript/test/e2e/fixtures/full_pipeline.affine	0	<no-RS-construct:non-RS-drift>
proof-burrower	affinescript/test/e2e/fixtures/linear_arrow_violation.affine	0	<no-RS-construct:non-RS-drift>
proof-burrower	affinescript/test/e2e/fixtures/pattern_match.affine	0	<no-RS-construct:non-RS-drift>
proof-burrower	affinescript/test/e2e/fixtures/row_polymorphism.affine	0	<no-RS-construct:non-RS-drift>
proof-burrower	affinescript/test/e2e/fixtures/titlescreen.affine	0	<no-RS-construct:non-RS-drift>
proof-burrower	affinescript/test/e2e/fixtures/trait_impl_missing_method.affine	0	<no-RS-construct:non-RS-drift>
proof-burrower	affinescript/test/e2e/fixtures/type_decls.affine	0	<no-RS-construct:non-RS-drift>
proof-burrower	affinescript/test/golden/binary_ops.affine	0	<no-RS-construct:non-RS-drift>
proof-burrower	affinescript/test/golden/imports.affine	0	<no-RS-construct:non-RS-drift>
proof-burrower	affinescript/test/golden/patterns.affine	0	<no-RS-construct:non-RS-drift>
proof-burrower	affinescript/test/golden/rows.affine	0	<no-RS-construct:non-RS-drift>
proof-burrower	affinescript/test_spread.affine	0	<no-RS-construct:non-RS-drift>
proof-burrower	affinescript/test_spread2.affine	0	<no-RS-construct:non-RS-drift>
proof-burrower	affinescript/test_spread3.affine	0	<no-RS-construct:non-RS-drift>
proof-burrower	affinescript/tests/borrow/simple_move_test.affine	0	<no-RS-construct:non-RS-drift>
proof-burrower	affinescript/tests/borrow/test_immutable_assign_error.affine	0	<no-RS-construct:non-RS-drift>
proof-burrower	affinescript/tests/borrow/test_move.affine	0	<no-RS-construct:non-RS-drift>
proof-burrower	affinescript/tests/borrow/test_move_after_use.affine	0	<no-RS-construct:non-RS-drift>
proof-burrower	affinescript/tests/borrow/use_after_move.affine	0	<no-RS-construct:non-RS-drift>
proof-burrower	affinescript/tests/codegen/test_opt_if_fold.affine	0	<no-RS-construct:non-RS-drift>
proof-burrower	affinescript/tests/codegen/test_pattern_record.affine	0	<no-RS-construct:non-RS-drift>
proof-burrower	affinescript/tests/codegen/test_record_multi_field.affine	0	<no-RS-construct:non-RS-drift>
proof-burrower	affinescript/tests/codegen/test_record_multiple.affine	0	<no-RS-construct:non-RS-drift>
proof-burrower	affinescript/tests/codegen/test_record_simple.affine	0	<no-RS-construct:non-RS-drift>
proof-burrower	affinescript/tests/codegen/test_string_diff.affine	0	<no-RS-construct:non-RS-drift>
proof-burrower	affinescript/tests/codegen/test_string_eq.affine	0	<no-RS-construct:non-RS-drift>
proof-burrower	affinescript/tests/codegen/test_tuple_record_array.affine	0	<no-RS-construct:non-RS-drift>
proof-burrower	affinescript/tests/conformance/arithmetic/add.affine	0	<no-RS-construct:non-RS-drift>
proof-burrower	affinescript/tests/conformance/arithmetic/divide.affine	0	<no-RS-construct:non-RS-drift>
proof-burrower	affinescript/tests/conformance/arithmetic/modulo.affine	0	<no-RS-construct:non-RS-drift>
proof-burrower	affinescript/tests/conformance/arithmetic/multiply.affine	0	<no-RS-construct:non-RS-drift>
proof-burrower	affinescript/tests/conformance/arithmetic/subtract.affine	0	<no-RS-construct:non-RS-drift>
proof-burrower	affinescript/tests/conformance/collection/contains.affine	0	<no-RS-construct:non-RS-drift>
proof-burrower	affinescript/tests/conformance/collection/filter.affine	0	<no-RS-construct:non-RS-drift>
proof-burrower	affinescript/tests/conformance/collection/fold.affine	0	<no-RS-construct:non-RS-drift>
proof-burrower	affinescript/tests/conformance/collection/map.affine	0	<no-RS-construct:non-RS-drift>
proof-burrower	affinescript/tests/conformance/comparison/equal.affine	0	<no-RS-construct:non-RS-drift>
proof-burrower	affinescript/tests/conformance/comparison/greater_equal.affine	0	<no-RS-construct:non-RS-drift>
proof-burrower	affinescript/tests/conformance/comparison/greater_than.affine	0	<no-RS-construct:non-RS-drift>
proof-burrower	affinescript/tests/conformance/comparison/less_equal.affine	0	<no-RS-construct:non-RS-drift>
proof-burrower	affinescript/tests/conformance/comparison/less_than.affine	0	<no-RS-construct:non-RS-drift>
proof-burrower	affinescript/tests/conformance/comparison/not_equal.affine	0	<no-RS-construct:non-RS-drift>
proof-burrower	affinescript/tests/conformance/conditional/if_then_else.affine	0	<no-RS-construct:non-RS-drift>
proof-burrower	affinescript/tests/conformance/logical/and.affine	0	<no-RS-construct:non-RS-drift>
proof-burrower	affinescript/tests/conformance/logical/not.affine	0	<no-RS-construct:non-RS-drift>
proof-burrower	affinescript/tests/conformance/logical/or.affine	0	<no-RS-construct:non-RS-drift>
proof-burrower	affinescript/tests/conformance/run_all.affine	1	import-as
proof-burrower	affinescript/tests/conformance/string/concat.affine	0	<no-RS-construct:non-RS-drift>
proof-burrower	affinescript/tests/conformance/string/length.affine	0	<no-RS-construct:non-RS-drift>
proof-burrower	affinescript/tests/conformance/string/substring.affine	0	<no-RS-construct:non-RS-drift>
proof-burrower	affinescript/tests/modules/test_import.affine	0	<no-RS-construct:non-RS-drift>
proof-burrower	affinescript/tests/modules/test_math_functions.affine	0	<no-RS-construct:non-RS-drift>
proof-burrower	affinescript/tests/parser/unsafe_all.affine	0	<no-RS-construct:non-RS-drift>
proof-burrower	affinescript/tests/parser/unsafe_ops.affine	0	<no-RS-construct:non-RS-drift>
proof-burrower	affinescript/tests/types/test_dependent_e2e.affine	0	<no-RS-construct:non-RS-drift>
proof-burrower	affinescript/tests/types/test_dependent_parsing.affine	0	<no-RS-construct:non-RS-drift>
proof-burrower	affinescript/tests/types/test_generic_programming.affine	0	<no-RS-construct:non-RS-drift>
proof-burrower	affinescript/tests/types/test_hkt_parsing.affine	0	<no-RS-construct:non-RS-drift>
proof-burrower	affinescript/tests/types/test_kind_checking.affine	0	<no-RS-construct:non-RS-drift>
proof-burrower	affinescript/tests/types/test_row_polymorphism.affine	0	<no-RS-construct:non-RS-drift>
proof-burrower	affinescript/tests/types/test_row_simple.affine	0	<no-RS-construct:non-RS-drift>
proof-burrower	affinescript/tests/types/test_traits.affine	0	<no-RS-construct:non-RS-drift>
standards	0-ai-gatekeeper-protocol/examples/SafeDOMExample.affine	0	<no-RS-construct:non-RS-drift>
standards	0-ai-gatekeeper-protocol/mcp-repo-guardian/examples/SafeDOMExample.affine	0	<no-RS-construct:non-RS-drift>
standards	0-ai-gatekeeper-protocol/mcp-repo-guardian/lib/ocaml/Guards.affine	0	<no-RS-construct:non-RS-drift>
standards	0-ai-gatekeeper-protocol/mcp-repo-guardian/lib/ocaml/Index.affine	0	<no-RS-construct:non-RS-drift>
standards	0-ai-gatekeeper-protocol/mcp-repo-guardian/lib/ocaml/Manifest.affine	0	<no-RS-construct:non-RS-drift>
standards	0-ai-gatekeeper-protocol/mcp-repo-guardian/lib/ocaml/Session.affine	0	<no-RS-construct:non-RS-drift>
standards	0-ai-gatekeeper-protocol/mcp-repo-guardian/src/Guards.affine	0	<no-RS-construct:non-RS-drift>
standards	0-ai-gatekeeper-protocol/mcp-repo-guardian/src/Index.affine	0	<no-RS-construct:non-RS-drift>
standards	0-ai-gatekeeper-protocol/mcp-repo-guardian/src/Manifest.affine	0	<no-RS-construct:non-RS-drift>
standards	0-ai-gatekeeper-protocol/mcp-repo-guardian/src/Session.affine	0	<no-RS-construct:non-RS-drift>
standards	0-ai-gatekeeper-protocol/repo-guardian-fs/examples/SafeDOMExample.affine	0	<no-RS-construct:non-RS-drift>
standards	a2ml/actions/validate/examples/SafeDOMExample.affine	0	<no-RS-construct:non-RS-drift>
standards	a2ml/bindings/deno/examples/SafeDOMExample.affine	0	<no-RS-construct:non-RS-drift>
standards	a2ml/bindings/deno/src/A2ML.affine	0	<no-RS-construct:non-RS-drift>
standards	a2ml/bindings/deno/src/A2ML_Parser.affine	0	<no-RS-construct:non-RS-drift>
standards	a2ml/bindings/deno/src/A2ML_Renderer.affine	0	<no-RS-construct:non-RS-drift>
standards	a2ml/bindings/deno/src/A2ML_Types.affine	0	<no-RS-construct:non-RS-drift>
standards	a2ml/bindings/haskell/examples/SafeDOMExample.affine	0	<no-RS-construct:non-RS-drift>
standards	a2ml/bindings/rust/examples/SafeDOMExample.affine	0	<no-RS-construct:non-RS-drift>
standards	a2ml/editors/vscode/examples/SafeDOMExample.affine	0	<no-RS-construct:non-RS-drift>
standards	a2ml/examples/SafeDOMExample.affine	0	<no-RS-construct:non-RS-drift>
standards	a2ml/pandoc/examples/SafeDOMExample.affine	0	<no-RS-construct:non-RS-drift>
standards	a2ml/prototype/rescript/src/A2ml.affine	1	List(X)
standards	a2ml/prototype/rescript/src/Cli.affine	0	<no-RS-construct:non-RS-drift>
standards	a2ml/prototype/rescript/src/Compat.affine	0	<no-RS-construct:non-RS-drift>
standards	a2ml/prototype/rescript/src/Demo.affine	0	<no-RS-construct:non-RS-drift>
standards	a2ml/prototype/rescript/src/DumpAst.affine	0	<no-RS-construct:non-RS-drift>
standards	a2ml/prototype/rescript/src/Json.affine	1	List(X)
standards	a2ml/prototype/rescript/src/RunReport.affine	0	<no-RS-construct:non-RS-drift>
standards	a2ml/prototype/rescript/src/RunVectors.affine	0	<no-RS-construct:non-RS-drift>
standards	a2ml/prototype/rescript/src/VectorReport.affine	0	<no-RS-construct:non-RS-drift>
standards	a2ml/prototype/rescript/src/VectorRunner.affine	0	<no-RS-construct:non-RS-drift>
standards	a2ml/prototype/wasm/src/WasmDemo.affine	0	<no-RS-construct:non-RS-drift>
standards	agentic-a2ml/examples/SafeDOMExample.affine	0	<no-RS-construct:non-RS-drift>
standards	anchor-a2ml/examples/SafeDOMExample.affine	0	<no-RS-construct:non-RS-drift>
standards	avow-protocol/examples/SafeDOMExample.affine	0	<no-RS-construct:non-RS-drift>
standards	avow-protocol/scripts/CreatePagesProjects.affine	0	<no-RS-construct:non-RS-drift>
standards	avow-protocol/scripts/DeployAllProjects.affine	0	<no-RS-construct:non-RS-drift>
standards	avow-protocol/scripts/DeployDeno.affine	0	<no-RS-construct:non-RS-drift>
standards	avow-protocol/scripts/DeployDirect.affine	0	<no-RS-construct:non-RS-drift>
standards	avow-protocol/scripts/GenerateProof.affine	0	<no-RS-construct:non-RS-drift>
standards	avow-protocol/scripts/SetupDomains.affine	0	<no-RS-construct:non-RS-drift>
standards	avow-protocol/src/Mod.affine	0	<no-RS-construct:non-RS-drift>
standards	avow-protocol/src/Mod_test.affine	0	<no-RS-construct:non-RS-drift>
standards	avow-protocol/src/ProvenResult.affine	0	<no-RS-construct:non-RS-drift>
standards	avow-protocol/src/ProvenResult_test.affine	0	<no-RS-construct:non-RS-drift>
standards	avow-protocol/src/ProvenSafeUrl.affine	0	<no-RS-construct:non-RS-drift>
standards	avow-protocol/src/bindings/Deno_Api.affine	0	<no-RS-construct:non-RS-drift>
standards	avow-protocol/src/bindings/Deno_Std_Fs.affine	0	<no-RS-construct:non-RS-drift>
standards	avow-protocol/src/bindings/Deno_Std_Path.affine	0	<no-RS-construct:non-RS-drift>
standards	avow-protocol/src/bindings/Fetch_Api.affine	0	<no-RS-construct:non-RS-drift>
standards	avow-protocol/telegram-bot/avow-telegram-bot/examples/SafeDOMExample.affine	0	<no-RS-construct:non-RS-drift>
standards	avow-protocol/telegram-bot/avow-telegram-bot/src/bot.affine	0	<no-RS-construct:non-RS-drift>
standards	avow-protocol/telegram-bot/avow-telegram-bot/src/grammy.affine	0	<no-RS-construct:non-RS-drift>
standards	avow-protocol/telegram-bot/avow-telegram-bot/src/sqlite.affine	0	<no-RS-construct:non-RS-drift>
standards	avow-protocol/telegram-bot/examples/SafeDOMExample.affine	0	<no-RS-construct:non-RS-drift>
standards	axel-protocol/axel_sts_demo.affine	0	<no-RS-construct:non-RS-drift>
standards	axel-protocol/examples/SafeDOMExample.affine	0	<no-RS-construct:non-RS-drift>
standards	axel-protocol/src/AxelApp.affine	0	<no-RS-construct:non-RS-drift>
standards	axel-protocol/src/AxelSts.affine	0	<no-RS-construct:non-RS-drift>
standards	axel-protocol/src/ProvenResult.affine	0	<no-RS-construct:non-RS-drift>
standards	axel-protocol/src/ProvenSafeUrl.affine	0	<no-RS-construct:non-RS-drift>
standards	axel-protocol/src/Tea.affine	0	<no-RS-construct:non-RS-drift>
standards	axel-protocol/test/axel-sts_test.affine	0	<no-RS-construct:non-RS-drift>
standards	axel-protocol/test/validate-policy.affine	0	<no-RS-construct:non-RS-drift>
standards	consent-aware-http/examples/SafeDOMExample.affine	0	<no-RS-construct:non-RS-drift>
standards	consent-aware-http/src/Aibdp.affine	0	<no-RS-construct:non-RS-drift>
standards	consent-aware-http/src/Express.affine	0	<no-RS-construct:non-RS-drift>
standards	consent-aware-http/src/Node.affine	0	<no-RS-construct:non-RS-drift>
standards	ecosystem-a2ml/examples/SafeDOMExample.affine	0	<no-RS-construct:non-RS-drift>
standards	self-validating/actions/validate/examples/SafeDOMExample.affine	0	<no-RS-construct:non-RS-drift>
standards	self-validating/bindings/deno/examples/SafeDOMExample.affine	0	<no-RS-construct:non-RS-drift>
standards	self-validating/bindings/deno/src/K9.affine	0	<no-RS-construct:non-RS-drift>
standards	self-validating/bindings/deno/src/K9_Parser.affine	0	<no-RS-construct:non-RS-drift>
standards	self-validating/bindings/deno/src/K9_Renderer.affine	0	<no-RS-construct:non-RS-drift>
standards	self-validating/bindings/deno/src/K9_Types.affine	0	<no-RS-construct:non-RS-drift>
standards	self-validating/bindings/haskell/examples/SafeDOMExample.affine	0	<no-RS-construct:non-RS-drift>
standards	self-validating/bindings/rust/examples/SafeDOMExample.affine	0	<no-RS-construct:non-RS-drift>
standards	self-validating/editors/vscode/examples/SafeDOMExample.affine	0	<no-RS-construct:non-RS-drift>
standards	self-validating/pandoc/examples/SafeDOMExample.affine	0	<no-RS-construct:non-RS-drift>
standards	lol/src/Lang1000.affine	0	<no-RS-construct:non-RS-drift>
standards	lol/src/api/DigitalBiblePlatform.affine	0	<no-RS-construct:non-RS-drift>
standards	lol/src/crawlers/BibleCloud.affine	0	<no-RS-construct:non-RS-drift>
standards	lol/src/crawlers/BibleCom.affine	0	<no-RS-construct:non-RS-drift>
standards	lol/src/crawlers/Crawler.affine	0	<no-RS-construct:non-RS-drift>
standards	lol/src/crawlers/EBible.affine	0	<no-RS-construct:non-RS-drift>
standards	lol/src/crawlers/FindBible.affine	0	<no-RS-construct:non-RS-drift>
standards	lol/src/crawlers/PngScriptures.affine	0	<no-RS-construct:non-RS-drift>
standards	lol/src/cyc/OpenCyc.affine	1	List(X)
standards	lol/src/utils/Http.affine	0	<no-RS-construct:non-RS-drift>
standards	lol/src/utils/Iso639.affine	0	<no-RS-construct:non-RS-drift>
standards	lol/src/utils/Statistics.affine	0	<no-RS-construct:non-RS-drift>
standards	lol/src/verisimdb/CorpusAnalyzer.affine	0	<no-RS-construct:non-RS-drift>
standards	lol/src/verisimdb/Export.affine	0	<no-RS-construct:non-RS-drift>
standards	lol/src/verisimdb/VeriSimDB.affine	0	<no-RS-construct:non-RS-drift>
standards	lol/test/Lang1000_test.affine	0	<no-RS-construct:non-RS-drift>
standards	lol/test/Vitest.affine	0	<no-RS-construct:non-RS-drift>
standards	lol/test/crawlers/Crawler_test.affine	0	<no-RS-construct:non-RS-drift>
standards	lol/test/utils/Iso639_test.affine	0	<no-RS-construct:non-RS-drift>
standards	lol/test/utils/Statistics_test.affine	0	<no-RS-construct:non-RS-drift>
standards	panll-panels/src/ComplianceMonitor.affine	0	<no-RS-construct:non-RS-drift>
standards	panll-panels/src/CrgDashboard.affine	0	<no-RS-construct:non-RS-drift>
standards	panll-panels/src/ProofHub.affine	0	<no-RS-construct:non-RS-drift>
standards	panll-panels/src/VcldbClient.affine	0	<no-RS-construct:non-RS-drift>
standards	rhodium-standard-repositories/satellites/cccp/satellites/nextgen-languages/7-tentacles/agents/BlueAgent.affine	0	<no-RS-construct:non-RS-drift>
standards	rhodium-standard-repositories/satellites/cccp/satellites/nextgen-languages/7-tentacles/agents/GreenAgent.affine	0	<no-RS-construct:non-RS-drift>
standards	rhodium-standard-repositories/satellites/cccp/satellites/nextgen-languages/7-tentacles/agents/IndigoAgent.affine	0	<no-RS-construct:non-RS-drift>
standards	rhodium-standard-repositories/satellites/cccp/satellites/nextgen-languages/7-tentacles/agents/OrangeAgent.affine	0	<no-RS-construct:non-RS-drift>
standards	rhodium-standard-repositories/satellites/cccp/satellites/nextgen-languages/7-tentacles/agents/RedAgent.affine	0	<no-RS-construct:non-RS-drift>
standards	rhodium-standard-repositories/satellites/cccp/satellites/nextgen-languages/7-tentacles/agents/VioletAgent.affine	0	<no-RS-construct:non-RS-drift>
standards	rhodium-standard-repositories/satellites/cccp/satellites/nextgen-languages/7-tentacles/agents/YellowAgent.affine	0	<no-RS-construct:non-RS-drift>
standards	rhodium-standard-repositories/satellites/cccp/satellites/nextgen-languages/7-tentacles/tools/RevealSystem.affine	0	<no-RS-construct:non-RS-drift>
standards	rhodium-standard-repositories/satellites/consent-aware-http/src/Aibdp.affine	0	<no-RS-construct:non-RS-drift>
standards	rhodium-standard-repositories/satellites/consent-aware-http/src/Express.affine	0	<no-RS-construct:non-RS-drift>
standards	rhodium-standard-repositories/satellites/consent-aware-http/src/Node.affine	0	<no-RS-construct:non-RS-drift>
standards	session-management-standards/src/ui/tea/system_update_gui.affine	1	List(X)
stapeln	container-stack/svalinn/src/Main.affine	0	<no-RS-construct:non-RS-drift>
stapeln	container-stack/svalinn/src/auth/AuthTypes.affine	1	rs-stdlib
stapeln	container-stack/svalinn/src/auth/Authz.affine	0	<no-RS-construct:non-RS-drift>
stapeln	container-stack/svalinn/src/gateway/GatewayTypes.affine	0	<no-RS-construct:non-RS-drift>
stapeln	container-stack/svalinn/src/gateway/Metrics.affine	1	mutable-field
stapeln	container-stack/svalinn/src/gateway/SecurityHeaders.affine	0	<no-RS-construct:non-RS-drift>
stapeln	container-stack/svalinn/src/host/Json.affine	0	<no-RS-construct:non-RS-drift>
stapeln	container-stack/svalinn/src/policy/PolicyEngine.affine	1	rs-stdlib
stapeln	container-stack/svalinn/src/vordr/Client.affine	0	<no-RS-construct:non-RS-drift>
tma-mark2	src/main.affine	0	<no-RS-construct:non-RS-drift>
ubicity	src/storage.affine	0	<no-RS-construct:non-RS-drift>
